"PAGE / SECTION","SEO META TITLE","HERO TITLE","HERO SUBTITLE","HERO DESCRIPTION","CONTENT HEADER","CONTENT BODY","ADDITIONAL DETAILS / BULLET POINTS"
"ASBESTOS","Litigios de Asbesto y Mesotelioma | Osbelia Castillo","Asbesto y","Mesotelioma","Máxima defensa para las víctimas de toxinas ambientales. Responsabilizamos a las entidades industriales y corporativas por las fallas en la protección de trabajadores y familias.","Justicia por Exposición Ocupacional","La exposición al asbesto puede provocar condiciones de salud devastadoras, que a menudo aparecen décadas después de que se ocultara la verdad.","SECTION2: {""title"":""Litigios de Agravios Tóxicos"",""items"":{""item1"":""Fideicomisos de Asbesto"",""item2"":""Acelerando la recuperación a través de fideicomisos de bancarrota de corporaciones responsables."",""item3"":""Acceso a Especialistas"",""item4"":""Conectando a las víctimas con oncólogos y expertos pulmonares líderes para su diagnóstico."",""item5"":""Negligencia Industrial"",""item6"":""Responsabilizando a las empresas por condiciones de trabajo inseguras y exposición peligrosa.""}} | SECTION3: {""title"":""Defensa de por Vida"",""p1"":""Asegurando acuerdos a largo plazo que cubran las extensas necesidades médicas y la pérdida de consorcio.""} | quote: Los casos de mesotelioma son altamente técnicos. Contamos con la experiencia y la red de expertos necesarias para manejar estos complejos estándares de evidencia."
"BRAINSPINAL","Abogados de Lesiones de Cerebro y Columna | Osbelia Castillo","Lesiones de Cerebro","y Columna","Las lesiones que alteran la vida requieren una defensa dedicada. Luchamos para asegurar el cuidado a largo plazo y los recursos financieros que su familia necesita para el camino que tienen por delante.","Defensa Compasiva para Traumas Graves","Las lesiones de cerebro y médula espinal a menudo implican cambios permanentes en la calidad de vida.","SECTION2: {""title"":""Estrategia de Recuperación Integral"",""items"":{""item1"":""Red de Expertos Médicos"",""item2"":""Colaborando con neurólogos y planificadores de cuidados para documentar el alcance total de sus necesidades."",""item3"":""Costos de Cuidado Futuro"",""item4"":""Calculando décadas de gastos médicos, terapia y equipo adaptativo necesario para su vida diaria."",""item5"":""Apoyo Vocacional"",""item6"":""Abordando el impacto en su capacidad para trabajar y proporcionando recursos para el reentrenamiento.""}} | SECTION3: {""title"":""Máxima Recuperación Legal"",""p1"":""Uso de litigios agresivos para asegurar que las compañías de seguros paguen por el cuidado de por vida requerido.""} | quote: No solo luchamos por un acuerdo; luchamos por la seguridad a largo plazo y la dignidad de su familia tras una lesión que altera la vida."
"DEFECTIVEPRODUCTS","Abogados de Responsabilidad por Productos Defectuosos | Osbelia Castillo","Productos","Defectuosos","Cuando las corporaciones anteponen los beneficios a las personas, las responsabilizamos. Nuestra firma maneja casos complejos de responsabilidad por productos para recuperar daños por lesiones causadas por bienes de consumo inseguros.","Justicia por Productos Inseguros","Al comprar un producto, tiene derecho a esperar que sea seguro para el uso previsto.","SECTION2: {""title"":""Responsabilidad y Rendición de Cuentas"",""items"":{""item1"":""Responsabilidad Estricta"",""item2"":""Responsabilizando a los fabricantes por defectos de diseño y fabricación del producto."",""item3"":""Seguridad del Consumidor"",""item4"":""Luchando contra productos peligrosos que carecen de las advertencias de seguridad adecuadas."",""item5"":""Falla de Autopartes"",""item6"":""Casos que involucran airbags, neumáticos defectuosos y fallas mecánicas graves.""}} | SECTION3: {""title"":""Responsabilidad Corporativa"",""p1"":""Demostrando que una empresa conocía los defectos pero no emitió una retirada o advertencia oportuna.""} | quote: Las farmacéuticas y los fabricantes deben asegurar que sus productos no dañen. Los responsabilizamos cuando priorizan ganancias sobre seguridad."
"DOGBITES","Abogados de Lesiones por Mordedura de Perro | Osbelia Castillo","Lesiones por","Mordedura de Perro","Responsabilizando a los dueños por ataques de animales. Nos especializamos en asegurar la compensación por el trauma físico y emocional causado por las mordeduras de perro.","Responsabilidad Estricta por Mordedura de Perro","La ley de California sigue una regla de responsabilidad estricta para las mordeduras de perro.","SECTION2: {""title"":""Abogando por su Recuperación"",""items"":{""item1"":""Cicatrización y Desfiguración"",""item2"":""Abogando por las víctimas que requieren cirugía plástica o cuidado de heridas a largo plazo."",""item3"":""Ley de Responsabilidad"",""item4"":""Aprovechando las leyes claras de California para responsabilizar plenamente a los dueños de animales."",""item5"":""Trauma Emocional"",""item6"":""Luchando por la compensación del impacto psicológico y el miedo que suelen causar los ataques.""}} | SECTION3: {""title"":""Infección y Cuidado Crónico"",""p1"":""Asegurando que su acuerdo cubra todos los tratamientos médicos y la terapia especializada requerida.""} | quote: Los ataques de animales son aterradores y pueden provocar daños permanentes. Gestionamos el seguro para que usted pueda sanar."
"SEXUALABUSE","Abogados de Abuso Sexual y Estupro | Osbelia Castillo","Abuso Sexual y","Estupro","Búsqueda de justicia suave pero agresiva. Brindamos un espacio seguro y una poderosa protección legal a los sobrevivientes de abusos y negligencia institucional.","Responsabilizando a las Instituciones","Más allá del abusador, las instituciones como escuelas, organizaciones religiosas y lugares de trabajo a menudo tienen la responsabilidad de no haber evitado el daño.","SECTION2: {""title"":""Justicia Civil Compasiva"",""items"":{""item1"":""Negligencia Institucional"",""item2"":""Responsabilizando a las organizaciones por la contratación y supervisión negligente, y por no actuar oportunamente."",""item3"":""Camino de la Justicia Civil"",""item4"":""Aprovechando el sistema de tribunales civiles para lograr la restauración financiera y el cierre necesario."",""item5"":""Confidencialidad Prioritaria"",""item6"":""Adhesión estricta a la privacidad y estrategias legales centradas en el sobreviviente para proteger su identidad.""}} | SECTION3: {""title"":""Protección Poderosa"",""p1"":""Litigio agresivo para asegurar que los sobrevivientes no sean silenciados y que sus voces sean escuchadas con fuerza.""} | quote: No tiene por qué enfrentarse a esto solo. Brindamos la fuerza legal y la empatía personal necesarias para navegar estos casos difíciles."
"SLIPANDFALL","Abogados de Accidentes de Resbalones y Caídas | Osbelia Castillo","Abogados de Resbalones","y Caídas","Recuperando justicia para las víctimas de responsabilidad de locales en Santa Bárbara, Oxnard y Ventura.","Responsabilidad de los Locales","La responsabilidad de los locales surge cuando una lesión es causada por una condición insegura o defectuosa en la propiedad de alguien.","SECTION2: {""title"":""Probando la Negligencia en la Propiedad"",""items"":{""item1"":""Condiciones Peligrosas"",""item2"":""Pisos mojados, alfombras rotas y mala iluminación son causas comunes de reclamaciones de responsabilidad."",""item3"":""Deber del Propietario"",""item4"":""Los dueños deben mantener entornos seguros y advertir a los visitantes sobre cualquier peligro conocido."",""item5"":""Prueba de Conocimiento"",""item6"":""Demostramos que el dueño conocía o debería haber conocido el riesgo y no lo solucionó a tiempo.""}} | SECTION3: {""title"":""Litigio por Negligencia"",""p1"":""Responsabilizando a los administradores y dueños de propiedades negligentes por su recuperación médica.""} | quote: Los casos de responsabilidad de locales requieren investigación inmediata. Aseguramos la evidencia necesaria para probar el peligro."
"BICYCLEACCIDENTS","Abogados de Accidentes de Bicicleta | Osbelia Castillo","Accidentes de","Bicicleta","Los ciclistas merecen seguridad en cada carretera. Representamos a ciclistas heridos por conductores negligentes, asegurando los recursos necesarios para su recuperación.","Defendiendo a los Ciclistas","Los accidentes de bicicleta a menudo involucran consideraciones legales únicas, incluyendo el diseño de la carretera y la visibilidad del conductor.","SECTION2: {""title"":""Defensa de la Seguridad Vial"",""items"":{""item1"":""Abogacía Vial"",""item2"":""Responsabilizando a los conductores por no compartir la carretera o violar las leyes de carriles para bicicletas."",""item3"":""Apoyo Médico"",""item4"":""Asegurando que reciba atención médica de primer nivel para fracturas, traumas o abrasiones graves."",""item5"":""Enfoque en Responsabilidad"",""item6"":""Demostrar la distracción del conductor o no ceder el paso como la causa principal de la colisión.""}} | SECTION3: {""title"":""Máxima Recuperación"",""p1"":""Buscando compensación por salarios perdidos, equipo médico especializado y rehabilitación a largo plazo.""} | quote: Los ciclistas son vulnerables a la negligencia de los conductores. Brindamos la defensa agresiva necesaria para asegurar su futuro."
"CELLPHONE","Abogados de Accidentes por Conducción Distraída | Osbelia Castillo","Negligencia por Uso","de Celular","La conducción distraída es una elección que conduce a la tragedia. Responsabilizamos a los conductores por poner en peligro a otros al priorizar sus pantallas sobre la carretera.","Combatiendo la Conducción Distraída","El uso del teléfono celular es una causa principal de accidentes graves. Nos especializamos en descubrir evidencia de distracción digital.","forensics: Forense Digital | forensicsDesc: Solicitud de registros telefónicos y análisis de marcas de tiempo para probar el uso del teléfono durante el choque. | highImpact: Responsabilidad de Alto Impacto | highImpactDesc: Demostrando negligencia grave cuando los conductores violan intencionalmente las leyes de conducción distraída. | victimRights: Derechos de las Víctimas | victimRightsDesc: Asegurando que reciba compensación total por tratamiento médico, daños a la propiedad y trauma emocional. | handsFree: Violaciones de Manos Libres | handsFreeDesc: Identificando cuándo los conductores fallaron en utilizar el equipo de seguridad legalmente requerido. | SECTION2: {""title"":""Recuperación de Evidencia Digital"",""items"":{""item1"":""Forense Digital"",""item2"":""Solicitud de registros telefónicos y análisis de marcas de tiempo para probar el uso del teléfono durante el choque."",""item3"":""Responsabilidad de Alto Impacto"",""item4"":""Demostrando negligencia grave cuando los conductores violan intencionalmente las leyes de conducción distraída."",""item5"":""Derechos de las Víctimas"",""item6"":""Asegurando que reciba compensación total por tratamiento médico, daños a la propiedad y trauma emocional.""}} | SECTION3: {""title"":""Violaciones de Manos Libres"",""p1"":""Identificando cuándo los conductores fallaron en utilizar el equipo de seguridad legalmente requerido.""} | quote: La conducción distraída es una elección. Usamos forense digital para probar que el otro conductor no miraba la carretera."
"DRUNKDRIVING","Abogados de Accidentes por Conducción Ebria | Osbelia Castillo","Accidentes por","Conducción Ebria","Responsabilizando a los conductores negligentes por sus decisiones imprudentes. Luchamos por la justicia y la máxima recuperación para las víctimas de colisiones por DUI.","Justicia para las Víctimas de DUI","Cuando un conductor elige operar un vehículo bajo la influencia, está tomando una decisión que pone en peligro a todos.","whyHire: Responsabilidad por DUI | whyHireDesc: Los casos de conducción ebria requieren una estrategia legal específica para maximizar la recuperación, navegando implicaciones civiles y penales. | punitive: Daños Punitivos | punitiveDesc: Búsqueda de compensación adicional para castigar el comportamiento imprudente y disuadir futuros incidentes. | proof: Prueba Rigurosa | proofDesc: Utilizando informes policiales, pruebas de alcohol y relatos de testigos para construir un caso sólido e irrefutable. | fullLiability: Responsabilidad Total | fullLiabilityDesc: Responsabilizando plenamente al conductor ebrio de todos los gastos médicos y salarios perdidos. | criminalCivil: Penal vs. Civil | criminalCivilDesc: Entendiendo cómo un caso penal de DUI impacta directamente en su reclamación por lesiones personales. | SECTION2: {""title"":""Responsabilidad por DUI"",""items"":{""item1"":""Daños Punitivos"",""item2"":""Búsqueda de compensación adicional para castigar el comportamiento imprudente y disuadir futuros incidentes."",""item3"":""Penal vs. Civil"",""item4"":""Entendiendo cómo un caso penal de DUI impacta directamente en su reclamación por lesiones personales."",""item5"":""Responsabilidad Total"",""item6"":""Responsabilizando plenamente al conductor ebrio de todos los gastos médicos y salarios perdidos.""}} | SECTION3: {""title"":""Prueba Rigurosa"",""p1"":""Utilizando informes policiales, pruebas de alcohol y relatos de testigos para construir un caso sólido e irrefutable.""} | quote: Una elección imprudente no debería arruinar su vida. Luchamos por la justicia y la recuperación que las víctimas de DUI merecen."
"HITANDRUN","Abogados de Accidentes por Choque y Fuga | Osbelia Castillo","Reclamaciones por","Choque y Fuga","Cuando un conductor huye de la escena, deja tras de sí algo más que daños. Utilizamos todos los recursos para localizar a los responsables y asegurar su recuperación.","Su Camino a la Recuperación Tras un Choque y Fuga","Un accidente de choque y fuga puede parecer abrumador y desesperanzador. Existen múltiples vías para la recuperación, incluyendo la cobertura de motorista sin seguro.","investigation: Investigación Privada | investigationDesc: Trabajamos con expertos y grabaciones de vigilancia para identificar el vehículo y al conductor que huyó. | umClaims: Reclamaciones UM/UIM | umClaimsDesc: Maximizando los beneficios de motorista sin seguro de su propia póliza cuando el conductor es desconocido. | criminalCharges: Cargos Penales | criminalChargesDesc: Coordinación con las fuerzas del orden para apoyar los procesos penales por el delito de choca y huye. | fullDamages: Daños Totales | fullDamagesDesc: Búsqueda de compensación para facturas médicas, dolor y sufrimiento, y daños a la propiedad causados por la colisión. | SECTION2: {""title"":""Avenidas de Investigación"",""items"":{""item1"":""Investigación Privada"",""item2"":""Trabajamos con expertos y grabaciones de vigilancia para identificar el vehículo y al conductor que huyó."",""item3"":""Reclamaciones UM/UIM"",""item4"":""Maximizando los beneficios de motorista sin seguro de su propia póliza cuando el conductor es desconocido."",""item5"":""Cargos Penales"",""item6"":""Coordinación con las fuerzas del orden para apoyar los procesos penales por el delito de choca y huye.""}} | SECTION3: {""title"":""Daños Totales"",""p1"":""Búsqueda de compensación para facturas médicas, dolor y sufrimiento, y daños a la propiedad causados por la colisión.""} | quote: Que un conductor huya no significa que pierda su derecho a la recuperación. Usamos cada recurso para rastrear la responsabilidad."
"MOTORCYCLE","Abogados de Accidentes de Motocicleta | Osbelia Castillo","Accidentes de","Motocicleta","Los motociclistas enfrentan riesgos únicos en la carretera. Brindamos una representación agresiva para proteger sus derechos y recuperar la compensación por lesiones graves de motocicleta.","Protegiendo los Derechos de los Motociclistas","Los accidentes de motocicleta a menudo provocan lesiones graves debido a la falta de protección física del conductor.","SECTION2: {""title"":""Defensa Enfocada en el Motociclista"",""items"":{""item1"":""Combatir el Prejuicio"",""item2"":""Luchando contra los estereotipos negativos de los motociclistas para demostrar que el error fue del otro conductor."",""item3"":""Experiencia en Lesiones"",""item4"":""Especialización en casos de abrasiones por asfalto, fracturas y lesiones en la cabeza únicas para motociclistas."",""item5"":""Defensa de Carril"",""item6"":""Demostrando que el hecho de que el otro conductor no respetara su carril o no le viera causó el accidente.""}} | SECTION3: {""title"":""Costos de Cuidados Futuros"",""p1"":""Cálculo preciso de la rehabilitación a largo plazo y de los gastos médicos necesarios tras un accidente de moto grave.""} | quote: Los motociclistas suelen ser culpados injustamente. Brindamos la defensa agresiva necesaria para superar prejuicios y asegurar su futuro."
"PEDESTRIAN","Abogados de Accidentes de Peatones | Osbelia Castillo","Accidentes de","Peatones","Protegiendo a los peatones. Responsabilizamos a los conductores negligentes por no ceder el paso y violar el derecho de paso de un peatón.","Justicia para Peatones Lesionados","Los peatones son el grupo más vulnerable. Cuando un conductor no cede el paso o se distrae, los resultados son catastróficos.","SECTION2: {""title"":""Derecho de Paso del Peatón"",""items"":{""item1"":""Deber de Cuidado"",""item2"":""Demostrando que el conductor violó su elevado deber de cuidado hacia los peatones en cruces y banquetas."",""item3"":""Defensa Médica"",""item4"":""Ayudándole a asegurar atención experta inmediata para lesiones ortopédicas y craneales de alto impacto."",""item5"":""Violaciones de Tránsito"",""item6"":""Investigando colisiones en intersecciones donde los conductores fallaron en ceder el paso legalmente.""}} | SECTION3: {""title"":""Acuerdo Máximo"",""p1"":""Búsqueda agresiva de la recuperación financiera más alta posible por su dolor, sufrimiento y pérdidas económicas.""} | quote: Un peatón no tiene protección en un choque. Brindamos la armadura legal necesaria para responsabilizar a los conductores negligentes."
"TRUCK","Abogados de Accidentes de Camiones | Osbelia Castillo","Accidentes de","Camiones","Los choques comerciales involucran complejas regulaciones y poderosas compañías de seguros. Nivelamos el campo de juego para las víctimas de negligencia de empresas de transporte.","Responsabilizando al Transporte Comercial","Los choques comerciales involucran regulaciones complejas y poderosas empresas que buscan evadir su responsabilidad.","compliance: Normativa FMCSA | complianceDesc: Comprobación de violaciones de las normas de horas de servicio y seguridad federal de autotransportes. | liability: Responsabilidad Vicaria | liabilityDesc: Responsabilizando a toda la empresa de transporte por las acciones y descuidos fatales de sus conductores. | audits: Auditorías de Libros | auditsDesc: Exponiendo libros de ruta falsificados utilizados para encubrir la fatiga extrema del conductor comercial. | recovery: Recuperación Catastrófica | recoveryDesc: Asegurando los recursos masivos para el cuidado a largo plazo requerido tras colisiones industriales de alto impacto. | SECTION2: {""title"":""Regulaciones Federales Complejas"",""items"":{""item1"":""Normativa FMCSA"",""item2"":""Comprobación de violaciones de las normas de horas de servicio y seguridad federal de autotransportes."",""item3"":""Responsabilidad Vicaria"",""item4"":""Responsabilizando a toda la empresa de transporte por las acciones y descuidos fatales de sus conductores."",""item5"":""Auditorías de Libros"",""item6"":""Exponiendo libros de ruta falsificados utilizados para encubrir la fatiga extrema del conductor comercial.""}} | SECTION3: {""title"":""Recuperación Catastrófica"",""p1"":""Asegurando los recursos masivos para el cuidado a largo plazo requerido tras colisiones industriales de alto impacto.""} | quote: Los accidentes de camión implican leyes complejas. Usamos nuestra visión de defensa para responsabilizar a corporaciones masivas."
"BICYCLE","Abogados de Accidentes de Bicicleta | Osbelia Castillo","Accidentes de","Bicicleta","Los ciclistas merecen seguridad en cada carretera. Representamos a ciclistas heridos por conductores negligentes, asegurando los recursos necesarios para su recuperación.","Defendiendo a los Ciclistas","Los accidentes de bicicleta a menudo involucran consideraciones legales únicas, incluyendo el diseño de la carretera y la visibilidad del conductor. Tenemos la experiencia para probar la negligencia del conductor.","roadwayAdvocacy: Abogacía Vial | roadwayAdvocacyDesc: Responsabilizando a los conductores por no compartir la carretera o violar las leyes de carriles para bicicletas. | medicalSupport: Apoyo Médico | medicalSupportDesc: Asegurando que reciba atención médica de primer nivel para fracturas, traumas o abrasiones graves. | liabilityFocus: Enfoque en Responsabilidad | liabilityFocusDesc: Demostrar la distracción del conductor o no ceder el paso como la causa principal de la colisión. | maximumRecovery: Máxima Recuperación | maximumRecoveryDesc: Buscando compensación por salarios perdidos, equipo médico especializado y rehabilitación a largo plazo."
"ABOUT","Landing Page Section","Sobre Osbelia Castillo",,"Durante más de cinco años, Osbelia ha trabajado como una agresiva litigante civil representando a compañías de seguros tanto en tribunales estatales como federales. Ha manejado cientos de casos de lesiones personales, incluyendo lesiones catastróficas, muertes injustas y casos de responsabilidad complejos.",,,"General Site Content"
"PRACTICEAREAS","Landing Page Section","Áreas de Práctica","Dedicados a su recuperación.","Manejando lesiones catastróficas con un enfoque agresivo para asegurar la compensación que usted merece.",,,"General Site Content"
"HERO","Landing Page Section","Representación Legal de Prestigio",,"La Oficina Legal de Osbelia Castillo ofrece estrategias de defensa de élite con <precision>precisión quirúrgica</precision> y experiencia bilingüe.",,,"General Site Content"
"CONTACT","Landing Page Section",,,"Nos tomamos el tiempo para examinar cada detalle de su caso. Permítanos guiarle a través de sus opciones legales con claridad y dedicación.",,,"General Site Content"
"PROCESS","Landing Page Section","Definiendo Metas, Método y Éxito Juntos",,"Al realizar diversas actividades de investigación interna e implementar evaluaciones de gestión de riesgos, nuestro enfoque ahorra tiempo y dinero a nuestros clientes a largo plazo.",,,"General Site Content"